escenario,rep,muestra,timestamp,N_peers,cpu_nodo_pct,mem_nodo_pct,egress_tx_Bps,egress_rx_Bps,pod_cpu_m,pod_mem_Mi,bitrate_Mbps,latencia_g2g_ms,startup_ms,stalls_per_min,notas,,timestamp,sistema,escenario,parametro,repeticion,startup_ms,stalls_count,duracion_s,stalls_per_min,fuente_stalls
E4,1,1,2026-07-05T15:18:34,10,10.01,17.04,1301,51,26,253,6.806,1800,936.8,0,,,2026-07-05T13:28:51.214Z,P1,E4,N=10,1,936.8,0,103.1,0,waiting
E4,1,2,2026-07-05T15:19:04,10,10.11,17.16,1303,51,27,228,6.842,,,,,,,,,,,,,,,
E4,1,3,2026-07-05T15:19:34,10,10.23,17.12,1302,51,27,228,6.791,,,,,,,,,,,,,,,
E4,1,4,2026-07-05T15:20:05,10,10.17,17.12,1303,51,27,255,6.781,,,,,,,,,,,,,,,
E4,1,5,2026-07-05T15:20:35,10,10.02,17.11,1302,51,27,255,6.813,,,,,,,,,,,,,,,
E4,1,6,2026-07-05T15:21:05,10,9.94,17.17,1301,51,27,228,6.759,,,,,,,,,,,,,,,
E4,1,7,2026-07-05T15:21:35,10,10.1,17.34,1301,51,27,228,6.825,,,,,,,,,,,,,,,
E4,1,8,2026-07-05T15:22:05,10,10.42,17.57,1301,51,26,254,6.789,,,,,,,,,,,,,,,
E4,1,9,2026-07-05T15:22:35,10,10.46,17.46,1302,51,26,254,6.806,,,,,,,,,,,,,,,
E4,1,10,2026-07-05T15:23:05,10,10.45,17.23,1301,51,27,227,6.802,,,,,,,,,,,,,,,
E4,1,11,2026-07-05T15:23:36,10,10.23,17.12,1301,51,27,227,6.854,,,,,,,,,,,,,,,
E4,1,12,2026-07-05T15:24:06,10,10.13,17.19,1302,51,27,254,6.75,,,,,,,,,,,,,,,
E4,1,13,2026-07-05T15:24:36,10,10.2,17.16,1302,51,27,254,6.789,,,,,,,,,,,,,,,
E4,1,14,2026-07-05T15:25:06,10,10.23,17.25,1302,51,27,226,6.813,,,,,,,,,,,,,,,
E4,1,15,2026-07-05T15:25:36,10,10.16,17.17,1302,51,27,226,6.763,,,,,,,,,,,,,,,
E4,1,16,2026-07-05T15:26:06,10,10.24,17.76,1302,51,26,254,6.769,,,,,,,,,,,,,,,
E4,1,17,2026-07-05T15:26:37,10,10.46,17.55,1303,51,26,254,6.717,,,,,,,,,,,,,,,
E4,1,18,2026-07-05T15:27:07,10,10.27,17.53,1302,51,26,233,6.789,,,,,,,,,,,,,,,
E4,1,19,2026-07-05T15:27:37,10,10.05,17.34,1302,51,26,233,6.787,,,,,,,,,,,,,,,
E4,1,20,2026-07-05T15:28:07,10,9.52,17.31,1302,51,26,253,6.76,,,,,,,,,,,,,,,
E4,1,21,2026-07-05T15:28:37,10,9.36,17.3,1302,51,26,253,6.816,,,,,,,,,,,,,,,
E4,1,22,2026-07-05T15:29:07,10,9.38,17.4,1303,51,26,228,6.812,,,,,,,,,,,,,,,
E4,1,23,2026-07-05T15:29:37,10,9.38,17.38,1303,51,26,228,6.748,,,,,,,,,,,,,,,
E4,1,24,2026-07-05T15:30:08,10,9.52,17.4,1302,51,25,253,6.818,,,,,,,,,,,,,,,
E4,1,25,2026-07-05T15:30:38,10,9.52,17.4,1302,51,25,253,6.764,,,,,,,,,,,,,,,
E4,1,26,2026-07-05T15:31:08,10,9.55,17.37,1302,51,26,226,6.811,,,,,,,,,,,,,,,
E4,1,27,2026-07-05T15:31:38,10,9.54,17.38,1303,51,26,226,6.816,,,,,,,,,,,,,,,
E4,1,28,2026-07-05T15:32:08,10,9.55,17.3,1302,51,25,252,6.765,,,,,,,,,,,,,,,
E4,1,29,2026-07-05T15:32:38,10,9.5,17.25,1304,51,25,252,6.814,,,,,,,,,,,,,,,
E4,1,30,2026-07-05T15:33:08,10,9.47,17.3,1303,51,25,227,6.811,,,,,,,,,,,,,,,
E4,1,31,2026-07-05T15:33:39,10,9.5,17.42,1303,51,25,227,6.765,,,,,,,,,,,,,,,
E4,1,32,2026-07-05T15:34:09,10,9.54,17.49,1302,51,26,253,6.818,,,,,,,,,,,,,,,
E4,1,33,2026-07-05T15:34:39,10,9.5,17.43,1303,51,26,253,6.787,,,,,,,,,,,,,,,
E4,1,34,2026-07-05T15:35:09,10,9.5,17.5,1303,51,26,227,6.782,,,,,,,,,,,,,,,
E4,1,35,2026-07-05T15:35:39,10,9.45,17.49,1303,51,26,227,6.796,,,,,,,,,,,,,,,
E4,1,36,2026-07-05T15:36:09,10,9.46,17.48,1303,51,25,253,6.785,,,,,,,,,,,,,,,
E4,1,37,2026-07-05T15:36:39,10,9.52,17.56,1301,51,25,253,6.788,,,,,,,,,,,,,,,
E4,1,38,2026-07-05T15:37:10,10,9.52,17.58,1303,51,25,223,6.785,,,,,,,,,,,,,,,
E4,1,39,2026-07-05T15:37:40,10,9.47,17.5,1304,51,25,223,6.793,,,,,,,,,,,,,,,
E4,1,40,2026-07-05T15:38:10,10,9.48,17.45,1304,51,25,252,6.789,,,,,,,,,,,,,,,
E4,1,41,2026-07-05T15:38:40,10,9.49,17.44,1303,51,25,252,6.791,,,,,,,,,,,,,,,
E4,1,42,2026-07-05T15:39:10,10,9.62,17.61,1304,52,26,224,6.793,,,,,,,,,,,,,,,
E4,1,43,2026-07-05T15:39:40,10,9.66,17.57,1304,52,26,224,6.813,,,,,,,,,,,,,,,
E4,1,44,2026-07-05T15:40:10,10,9.65,17.54,1302,51,26,252,6.79,,,,,,,,,,,,,,,
E4,1,45,2026-07-05T15:40:41,10,9.6,17.59,1302,51,26,252,6.794,,,,,,,,,,,,,,,
E4,1,46,2026-07-05T15:41:11,10,9.65,17.6,1301,52,26,226,6.782,,,,,,,,,,,,,,,
E4,1,47,2026-07-05T15:41:41,10,9.56,17.6,1302,52,26,226,6.796,,,,,,,,,,,,,,,
E4,1,48,2026-07-05T15:42:11,10,9.52,17.54,1303,52,25,251,6.804,,,,,,,,,,,,,,,
E4,1,49,2026-07-05T15:42:41,10,9.5,17.49,1302,51,25,251,6.784,,,,,,,,,,,,,,,
E4,1,50,2026-07-05T15:43:11,10,9.51,17.66,1303,55,26,223,6.791,,,,,,,,,,,,,,,
E4,1,51,2026-07-05T15:43:41,10,9.73,17.58,1303,51,26,223,6.782,,,,,,,,,,,,,,,
E4,1,52,2026-07-05T15:44:12,10,9.57,17.66,1304,51,25,251,6.793,,,,,,,,,,,,,,,
E4,1,53,2026-07-05T15:44:42,10,9.61,17.64,1303,51,25,251,6.803,,,,,,,,,,,,,,,
E4,1,54,2026-07-05T15:45:12,10,9.51,17.65,1303,51,26,223,6.781,,,,,,,,,,,,,,,
E4,1,55,2026-07-05T15:45:42,10,9.45,17.61,1301,51,26,223,6.784,,,,,,,,,,,,,,,
E4,1,56,2026-07-05T15:46:12,10,9.47,17.56,1301,51,25,251,6.786,,,,,,,,,,,,,,,
E4,1,57,2026-07-05T15:46:42,10,9.42,17.58,1303,51,25,251,6.782,,,,,,,,,,,,,,,
E4,1,58,2026-07-05T15:47:12,10,9.25,17.71,1302,51,26,223,6.814,,,,,,,,,,,,,,,
E4,1,59,2026-07-05T15:47:43,10,9.24,17.62,1302,51,26,223,6.819,,,,,,,,,,,,,,,
E4,1,60,2026-07-05T15:48:13,10,9.17,17.57,1303,51,25,251,6.79,,,,,,,,,,,,,,,
E4,1,61,2026-07-05T15:48:43,10,9.16,17.62,1303,54,25,251,6.789,,,,,,,,,,,,,,,
E4,1,62,2026-07-05T15:49:13,10,9.27,17.68,1304,51,25,223,6.816,,,,,,,,,,,,,,,
E4,1,63,2026-07-05T15:49:43,10,9.3,17.7,1304,51,25,223,6.835,,,,,,,,,,,,,,,
E4,1,64,2026-07-05T15:50:13,10,9.3,17.65,1305,51,25,251,6.816,,,,,,,,,,,,,,,
E4,1,65,2026-07-05T15:50:43,10,9.2,17.61,1303,51,25,251,6.754,,,,,,,,,,,,,,,
E4,1,66,2026-07-05T15:51:14,10,9.09,17.62,1304,51,25,223,6.792,,,,,,,,,,,,,,,
E4,1,67,2026-07-05T15:51:44,10,9,17.7,1302,51,25,223,6.818,,,,,,,,,,,,,,,
E4,1,68,2026-07-05T15:52:14,10,9.21,17.63,1303,51,25,250,6.758,,,,,,,,,,,,,,,
E4,1,69,2026-07-05T15:52:44,10,9.12,17.7,1305,52,25,250,6.764,,,,,,,,,,,,,,,
E4,1,70,2026-07-05T15:53:14,10,9.19,17.63,1304,52,25,222,6.819,,,,,,,,,,,,,,,
E4,1,71,2026-07-05T15:53:44,10,9.28,17.66,1303,51,25,222,6.753,,,,,,,,,,,,,,,
E4,1,72,2026-07-05T15:54:14,10,9.34,17.74,1303,51,25,250,6.757,,,,,,,,,,,,,,,
E4,1,73,2026-07-05T15:54:45,10,9.37,17.71,1304,51,25,250,6.819,,,,,,,,,,,,,,,
E4,1,74,2026-07-05T15:55:15,10,9.28,17.66,1305,51,25,222,6.784,,,,,,,,,,,,,,,
E4,1,75,2026-07-05T15:55:45,10,9.18,17.74,1305,51,25,222,6.791,,,,,,,,,,,,,,,
E4,1,76,2026-07-05T15:56:15,10,9.08,17.67,1305,51,25,248,6.797,,,,,,,,,,,,,,,
E4,1,77,2026-07-05T15:56:45,10,9.16,17.81,1305,51,25,248,6.777,,,,,,,,,,,,,,,
E4,1,78,2026-07-05T15:57:15,10,9.32,17.74,1304,51,24,223,6.8,,,,,,,,,,,,,,,
E4,1,79,2026-07-05T15:57:45,10,9.46,17.77,1304,51,24,223,6.798,,,,,,,,,,,,,,,
E4,1,80,2026-07-05T15:58:16,10,9.32,17.82,1304,51,25,250,6.777,,,,,,,,,,,,,,,
E4,1,81,2026-07-05T15:58:46,10,9.27,18.5,1305,51,25,250,6.79,,,,,,,,,,,,,,,
E4,1,82,2026-07-05T15:59:16,10,9.39,17.55,1304,51,26,222,6.781,,,,,,,,,,,,,,,
E4,1,83,2026-07-05T15:59:46,10,9.43,17.49,1306,51,26,222,6.782,,,,,,,,,,,,,,,
E4,1,84,2026-07-05T16:00:16,10,9.57,17.5,1305,51,26,250,6.795,,,,,,,,,,,,,,,
E4,1,85,2026-07-05T16:00:46,10,9.34,17.44,1304,51,26,250,6.791,,,,,,,,,,,,,,,
E4,1,86,2026-07-05T16:01:16,10,9.45,17.55,1304,51,27,222,6.804,,,,,,,,,,,,,,,
E4,1,87,2026-07-05T16:01:47,10,9.55,17.64,1304,51,27,222,6.783,,,,,,,,,,,,,,,
E4,1,88,2026-07-05T16:02:17,10,9.52,17.62,1305,51,25,249,6.773,,,,,,,,,,,,,,,
E4,1,89,2026-07-05T16:02:47,10,9.54,17.55,1305,51,25,249,6.785,,,,,,,,,,,,,,,
E4,1,90,2026-07-05T16:03:17,10,9.45,17.59,1306,51,26,222,6.785,,,,,,,,,,,,,,,
E4,1,91,2026-07-05T16:03:47,10,9.42,17.59,1305,51,26,222,6.794,,,,,,,,,,,,,,,
E4,1,92,2026-07-05T16:04:17,10,9.44,17.56,1305,51,25,249,6.784,,,,,,,,,,,,,,,
E4,1,93,2026-07-05T16:04:47,10,9.56,17.51,1305,51,25,249,6.795,,,,,,,,,,,,,,,
E4,1,94,2026-07-05T16:05:18,10,9.58,17.52,1306,51,26,221,6.811,,,,,,,,,,,,,,,
E4,1,95,2026-07-05T16:05:48,10,9.54,17.49,1304,51,26,221,6.787,,,,,,,,,,,,,,,
E4,1,96,2026-07-05T16:06:18,10,9.43,17.58,1304,51,25,248,6.761,,,,,,,,,,,,,,,
E4,1,97,2026-07-05T16:06:48,10,9.29,17.64,1305,51,25,248,6.76,,,,,,,,,,,,,,,
E4,1,98,2026-07-05T16:07:18,10,9.19,17.62,1305,51,25,219,6.759,,,,,,,,,,,,,,,
E4,1,99,2026-07-05T16:07:48,10,9.21,17.51,1305,51,25,219,6.811,,,,,,,,,,,,,,,
E4,1,100,2026-07-05T16:08:18,10,9.06,17.42,1306,51,24,247,6.788,,,,,,,,,,,,,,,
E4,1,101,2026-07-05T16:08:49,10,9.52,17.53,1305,51,24,247,6.766,,,,,,,,,,,,,,,
E4,1,102,2026-07-05T16:09:19,10,9.56,17.59,1306,51,24,219,6.784,,,,,,,,,,,,,,,
E4,1,103,2026-07-05T16:09:49,10,9.95,17.63,1305,51,24,219,6.788,,,,,,,,,,,,,,,
E4,1,104,2026-07-05T16:10:19,10,9.5,17.61,1305,51,24,248,6.81,,,,,,,,,,,,,,,
E4,1,105,2026-07-05T16:10:49,10,9.34,17.57,1305,51,24,248,6.826,,,,,,,,,,,,,,,
E4,1,106,2026-07-05T16:11:19,10,9.21,17.59,1304,51,25,220,6.756,,,,,,,,,,,,,,,
E4,1,107,2026-07-05T16:11:50,10,9.18,17.6,1305,51,25,220,6.814,,,,,,,,,,,,,,,
E4,1,108,2026-07-05T16:12:20,10,9.15,17.56,1305,51,25,248,6.755,,,,,,,,,,,,,,,
E4,1,109,2026-07-05T16:12:50,10,9.17,17.51,1304,51,25,248,6.754,,,,,,,,,,,,,,,
E4,1,110,2026-07-05T16:13:20,10,9.15,17.59,1303,51,24,220,6.816,,,,,,,,,,,,,,,
E4,1,111,2026-07-05T16:13:50,10,9.24,17.54,1304,51,24,220,6.757,,,,,,,,,,,,,,,
E4,1,112,2026-07-05T16:14:20,10,9.27,17.6,1306,51,24,242,6.786,,,,,,,,,,,,,,,
E4,1,113,2026-07-05T16:14:50,10,9.26,17.56,1305,51,24,242,6.817,,,,,,,,,,,,,,,
E4,1,114,2026-07-05T16:15:21,10,9.32,17.6,1305,51,25,220,6.759,,,,,,,,,,,,,,,
E4,1,115,2026-07-05T16:15:51,10,9.37,17.52,1304,51,25,220,6.793,,,,,,,,,,,,,,,
E4,1,116,2026-07-05T16:16:21,10,9.25,17.61,1306,51,25,247,6.799,,,,,,,,,,,,,,,
E4,1,117,2026-07-05T16:16:51,10,9.28,17.6,1305,51,25,247,6.788,,,,,,,,,,,,,,,
E4,1,118,2026-07-05T16:17:21,10,9.31,17.63,1306,51,25,219,6.783,,,,,,,,,,,,,,,
E4,1,119,2026-07-05T16:17:51,10,9.16,17.54,1305,51,25,219,6.792,,,,,,,,,,,,,,,
E4,1,120,2026-07-05T16:18:21,10,9.13,17.42,1306,51,25,247,6.789,1900,991.9,0,,,2026-07-05T14:31:51.705Z,P1,E4,N=10,1,991.9,0,3704.7,0,waiting
E4,2,1,2026-08-29T15:49:10,10,14.24,17.66,1313,51,28,247,6.787,,,,,,,,,,,,,,,
E4,2,2,2026-08-29T15:49:40,10,14.25,17.63,1313,51,28,247,6.777,,,,,,,,,,,,,,,
E4,2,1,2026-08-29T15:49:59,10,14.15,17.72,1312,51,28,247,6.788,,,,,,,,,,,,,,,
E4,2,2,2026-08-29T15:50:29,11,13.91,17.39,1312,51,28,219,6.792,,,,,,,,,,,,,,,
E4,2,3,2026-08-29T15:50:59,10,13.61,17.14,1315,51,28,219,6.8,,,,,,,,,,,,,,,
E4,2,4,2026-08-29T15:51:29,10,13.14,17.32,1315,51,28,246,6.801,,,,,,,,,,,,,,,
E4,2,5,2026-08-29T15:52:00,10,12.88,17.27,1314,51,28,246,6.786,,,,,,,,,,,,,,,
E4,2,6,2026-08-29T15:52:30,10,12.63,17.32,1314,51,30,218,6.803,,,,,,,,,,,,,,,
E4,2,7,2026-08-29T15:53:00,10,12.57,17.37,1315,51,30,218,6.801,,,,,,,,,,,,,,,
E4,2,8,2026-08-29T15:53:30,10,12.71,17.45,1313,51,25,244,6.788,,,,,,,,,,,,,,,
E4,2,9,2026-08-29T15:54:00,10,12.85,17.57,1313,51,25,244,6.802,,,,,,,,,,,,,,,
E4,2,10,2026-08-29T15:54:30,10,13.01,17.56,1314,51,25,217,6.802,,,,,,,,,,,,,,,
E4,2,11,2026-08-29T15:55:00,10,13.16,17.7,1313,51,25,217,6.789,,,,,,,,,,,,,,,
E4,2,12,2026-08-29T15:55:31,10,13.19,17.87,1314,51,26,245,6.801,,,,,,,,,,,,,,,
E4,2,13,2026-08-29T15:56:01,10,13.21,17.76,1315,51,26,245,6.802,,,,,,,,,,,,,,,
E4,2,14,2026-08-29T15:56:31,10,13.11,17.88,1315,51,26,254,6.786,,,,,,,,,,,,,,,
E4,2,15,2026-08-29T15:57:01,10,13,17.85,1316,51,26,254,6.777,,,,,,,,,,,,,,,
E4,2,16,2026-08-29T15:57:31,10,12.9,17.97,1313,51,24,242,6.807,,,,,,,,,,,,,,,
E4,2,17,2026-08-29T15:58:01,10,12.94,17.96,1313,51,24,242,6.788,,,,,,,,,,,,,,,
E4,2,18,2026-08-29T15:58:32,10,12.97,18.29,1314,51,25,255,6.779,,,,,,,,,,,,,,,
E4,2,19,2026-08-29T15:59:02,10,12.94,18.19,1313,51,25,255,6.779,,,,,,,,,,,,,,,
E4,2,20,2026-08-29T15:59:32,10,13.02,17.65,1313,51,27,243,6.789,,,,,,,,,,,,,,,
E4,2,21,2026-08-29T16:00:02,10,13.07,17.59,1314,51,27,243,6.778,,,,,,,,,,,,,,,
E4,2,22,2026-08-29T16:00:32,10,13.07,17.65,1314,51,28,253,6.779,,,,,,,,,,,,,,,
E4,2,23,2026-08-29T16:01:02,10,13.15,17.79,1313,51,28,253,6.788,,,,,,,,,,,,,,,
E4,2,24,2026-08-29T16:01:32,10,13.09,17.78,1312,51,28,243,6.769,,,,,,,,,,,,,,,
E4,2,25,2026-08-29T16:02:03,10,13,17.72,1313,51,28,243,6.781,,,,,,,,,,,,,,,
E4,2,26,2026-08-29T16:02:33,10,13.04,17.88,1313,51,28,253,6.792,,,,,,,,,,,,,,,
E4,2,27,2026-08-29T16:03:03,10,13.03,18,1316,51,28,253,6.783,,,,,,,,,,,,,,,
E4,2,28,2026-08-29T16:03:33,10,12.92,17.94,1315,51,27,244,6.785,,,,,,,,,,,,,,,
E4,2,29,2026-08-29T16:04:03,10,12.79,17.96,1314,51,27,244,6.791,,,,,,,,,,,,,,,
E4,2,30,2026-08-29T16:04:33,10,12.6,18.1,1315,51,27,253,6.796,,,,,,,,,,,,,,,
E4,2,31,2026-08-29T16:05:03,10,12.64,18.1,1316,51,27,253,6.788,,,,,,,,,,,,,,,
E4,2,32,2026-08-29T16:05:34,10,12.54,18.31,1315,51,24,243,6.793,,,,,,,,,,,,,,,
E4,2,33,2026-08-29T16:06:04,10,12.62,18.36,1315,51,24,243,6.792,,,,,,,,,,,,,,,
E4,2,34,2026-08-29T16:06:34,10,12.69,18.33,1314,51,29,253,6.79,,,,,,,,,,,,,,,
E4,2,35,2026-08-29T16:07:04,10,12.73,18.45,1313,51,29,253,6.785,,,,,,,,,,,,,,,
E4,2,36,2026-08-29T16:07:34,10,12.72,18.38,1313,51,30,243,6.8,,,,,,,,,,,,,,,
E4,2,37,2026-08-29T16:08:04,10,12.79,18.57,1315,51,30,243,6.787,,,,,,,,,,,,,,,
E4,2,38,2026-08-29T16:08:35,10,12.78,18.57,1315,51,29,255,6.806,,,,,,,,,,,,,,,
E4,2,39,2026-08-29T16:09:05,10,12.66,18.71,1312,51,29,255,6.8,,,,,,,,,,,,,,,
E4,2,40,2026-08-29T16:09:35,10,12.56,18.67,1312,51,30,236,6.788,,,,,,,,,,,,,,,
E4,2,41,2026-08-29T16:10:05,10,12.57,18.82,1315,51,30,236,6.776,,,,,,,,,,,,,,,
E4,2,42,2026-08-29T16:10:35,10,12.54,18.78,1314,51,30,255,6.777,,,,,,,,,,,,,,,
E4,2,43,2026-08-29T16:11:05,10,12.49,18.88,1313,51,30,255,6.787,,,,,,,,,,,,,,,
E4,2,44,2026-08-29T16:11:35,10,12.49,18.91,1315,51,30,242,6.789,,,,,,,,,,,,,,,
E4,2,45,2026-08-29T16:12:06,10,12.56,18.97,1313,51,30,242,6.776,,,,,,,,,,,,,,,
E4,2,46,2026-08-29T16:12:36,10,12.83,18.91,1314,51,28,254,6.782,,,,,,,,,,,,,,,
E4,2,47,2026-08-29T16:13:06,10,12.98,19.05,1315,51,28,254,6.776,,,,,,,,,,,,,,,
E4,2,48,2026-08-29T16:13:36,10,13.15,19.17,1314,51,28,245,6.769,,,,,,,,,,,,,,,
E4,2,49,2026-08-29T16:14:06,10,13.17,19.18,1313,51,28,245,6.783,,,,,,,,,,,,,,,
E4,2,50,2026-08-29T16:14:36,10,13.19,19.39,1314,51,28,254,6.773,,,,,,,,,,,,,,,
E4,2,51,2026-08-29T16:15:06,10,13.08,19.3,1313,51,28,254,6.774,,,,,,,,,,,,,,,
E4,2,52,2026-08-29T16:15:37,10,12.98,19.43,1314,51,28,241,6.788,,,,,,,,,,,,,,,
E4,2,53,2026-08-29T16:16:07,10,12.89,19.39,1314,51,28,241,6.789,,,,,,,,,,,,,,,
E4,2,54,2026-08-29T16:16:37,10,12.79,19.51,1315,51,27,255,6.771,,,,,,,,,,,,,,,
E4,2,55,2026-08-29T16:17:07,10,12.65,19.51,1314,51,27,255,6.787,,,,,,,,,,,,,,,
E4,2,56,2026-08-29T16:17:37,10,12.5,19.62,1315,51,28,241,6.788,,,,,,,,,,,,,,,
E4,2,57,2026-08-29T16:18:07,10,12.45,19.6,1314,51,25,255,6.79,,,,,,,,,,,,,,,
E4,2,58,2026-08-29T16:18:37,10,12.48,19.69,1315,51,25,255,6.788,,,,,,,,,,,,,,,
E4,2,59,2026-08-29T16:19:08,10,12.71,19.64,1314,51,25,240,6.774,,,,,,,,,,,,,,,
E4,2,60,2026-08-29T16:19:38,10,12.89,19.81,1313,51,25,240,6.728,,,,,,,,,,,,,,,
E4,2,61,2026-08-29T16:20:08,10,13.01,19.77,1315,51,26,253,6.788,,,,,,,,,,,,,,,
E4,2,62,2026-08-29T16:20:38,10,13.08,19.87,1315,51,26,253,6.787,,,,,,,,,,,,,,,
E4,2,63,2026-08-29T16:21:08,10,13.04,20.05,1315,51,26,238,6.789,,,,,,,,,,,,,,,
E4,2,64,2026-08-29T16:21:38,10,13.05,19.97,1314,51,26,238,6.793,,,,,,,,,,,,,,,
E4,2,65,2026-08-29T16:22:08,10,12.98,20.11,1315,51,24,255,6.789,,,,,,,,,,,,,,,
E4,2,66,2026-08-29T16:22:39,10,12.98,20,1316,51,24,255,6.787,,,,,,,,,,,,,,,
E4,2,67,2026-08-29T16:23:09,10,12.93,20.15,1314,51,24,240,6.797,,,,,,,,,,,,,,,
E4,2,68,2026-08-29T16:23:39,10,12.9,20.07,1313,51,24,240,6.797,,,,,,,,,,,,,,,
E4,2,69,2026-08-29T16:24:09,10,12.73,20.25,1313,51,24,255,6.789,,,,,,,,,,,,,,,
E4,2,70,2026-08-29T16:24:39,10,12.79,20.21,1313,51,24,255,6.793,,,,,,,,,,,,,,,
E4,2,71,2026-08-29T16:25:09,10,12.85,20.36,1315,51,27,242,6.794,,,,,,,,,,,,,,,
E4,2,72,2026-08-29T16:25:39,10,12.84,20.44,1314,51,27,242,6.788,,,,,,,,,,,,,,,
E4,2,73,2026-08-29T16:26:10,10,12.92,20.47,1314,51,29,254,6.794,,,,,,,,,,,,,,,
E4,2,74,2026-08-29T16:26:40,10,12.93,20.47,1314,51,29,254,6.792,,,,,,,,,,,,,,,
E4,2,75,2026-08-29T16:27:10,10,12.72,20.56,1312,51,29,237,6.788,,,,,,,,,,,,,,,
E4,2,76,2026-08-29T16:27:40,10,12.73,20.72,1313,51,29,237,6.794,,,,,,,,,,,,,,,
E4,2,77,2026-08-29T16:28:10,10,12.81,20.71,1316,51,26,255,6.791,,,,,,,,,,,,,,,
E4,2,78,2026-08-29T16:28:40,10,12.59,20.87,1315,51,26,255,6.779,,,,,,,,,,,,,,,
E4,2,79,2026-08-29T16:29:11,10,12.74,20.81,1315,51,25,235,6.782,,,,,,,,,,,,,,,
E4,2,80,2026-08-29T16:29:41,10,12.9,20.98,1314,51,25,235,6.789,,,,,,,,,,,,,,,
E4,2,81,2026-08-29T16:30:11,10,12.87,20.96,1314,51,24,253,6.785,,,,,,,,,,,,,,,
E4,2,82,2026-08-29T16:30:41,10,12.96,21.03,1314,51,24,253,6.776,,,,,,,,,,,,,,,
E4,2,83,2026-08-29T16:31:11,10,12.97,20.95,1317,55,25,238,6.797,,,,,,,,,,,,,,,
E4,2,84,2026-08-29T16:31:41,10,12.97,21.09,1314,51,25,238,6.79,,,,,,,,,,,,,,,
E4,2,85,2026-08-29T16:32:11,10,12.99,21.05,1315,51,26,255,6.778,,,,,,,,,,,,,,,
E4,2,86,2026-08-29T16:32:42,10,12.83,21.17,1314,51,26,255,6.776,,,,,,,,,,,,,,,
E4,2,87,2026-08-29T16:33:12,10,12.88,21.15,1313,51,27,238,6.786,,,,,,,,,,,,,,,
E4,2,88,2026-08-29T16:33:42,10,12.99,21.24,1314,51,27,238,6.777,,,,,,,,,,,,,,,
E4,2,89,2026-08-29T16:34:12,10,12.99,21.24,1313,51,25,255,6.775,,,,,,,,,,,,,,,
E4,2,90,2026-08-29T16:34:42,10,13.01,21.42,1313,51,25,255,6.79,,,,,,,,,,,,,,,
E4,2,91,2026-08-29T16:35:12,10,12.89,21.53,1314,51,25,237,6.781,,,,,,,,,,,,,,,
E4,2,92,2026-08-29T16:35:42,10,12.96,21.48,1315,54,25,237,6.776,,,,,,,,,,,,,,,
E4,2,93,2026-08-29T16:36:13,10,12.95,21.66,1316,51,25,255,6.787,,,,,,,,,,,,,,,
E4,2,94,2026-08-29T16:36:43,10,12.99,21.58,1316,51,25,255,6.77,,,,,,,,,,,,,,,
E4,2,95,2026-08-29T16:37:13,10,12.99,21.73,1314,51,25,236,6.774,,,,,,,,,,,,,,,
E4,2,96,2026-08-29T16:37:43,10,12.93,18.9,1313,51,25,236,6.787,,,,,,,,,,,,,,,
E4,2,97,2026-08-29T16:38:13,10,12.77,18.98,1314,51,25,254,6.79,,,,,,,,,,,,,,,
E4,2,98,2026-08-29T16:38:43,10,12.98,18.92,1314,51,25,254,6.775,,,,,,,,,,,,,,,
E4,2,99,2026-08-29T16:39:13,10,12.95,18.99,1314,51,27,237,6.789,,,,,,,,,,,,,,,
E4,2,100,2026-08-29T16:39:44,10,13.11,18.91,1312,52,27,237,6.788,,,,,,,,,,,,,,,
E4,2,101,2026-08-29T16:40:14,10,13.04,18.85,1314,52,25,255,6.786,,,,,,,,,,,,,,,
E4,2,102,2026-08-29T16:40:44,10,13.09,18.89,1315,51,25,255,6.79,,,,,,,,,,,,,,,
E4,2,103,2026-08-29T16:41:14,10,12.99,19.07,1314,51,25,235,6.789,,,,,,,,,,,,,,,
E4,2,104,2026-08-29T16:41:44,10,12.89,18.97,1315,51,25,235,6.787,,,,,,,,,,,,,,,
E4,2,105,2026-08-29T16:42:14,10,12.92,19.15,1315,51,25,255,6.787,,,,,,,,,,,,,,,
E4,2,106,2026-08-29T16:42:44,10,12.81,19.21,1314,51,25,255,6.787,,,,,,,,,,,,,,,
E4,2,107,2026-08-29T16:43:15,10,12.84,19.23,1316,51,26,234,6.786,,,,,,,,,,,,,,,
E4,2,108,2026-08-29T16:43:45,10,12.93,19.35,1316,51,26,234,6.794,,,,,,,,,,,,,,,
E4,2,109,2026-08-29T16:44:15,10,13,19.38,1315,52,26,255,6.786,,,,,,,,,,,,,,,
E4,2,110,2026-08-29T16:44:45,10,12.98,19.43,1314,52,26,255,6.788,,,,,,,,,,,,,,,
E4,2,111,2026-08-29T16:45:15,10,13.06,19.49,1313,51,27,236,6.793,,,,,,,,,,,,,,,
E4,2,112,2026-08-29T16:45:45,10,13.05,19.61,1316,51,27,236,6.792,,,,,,,,,,,,,,,
E4,2,113,2026-08-29T16:46:16,10,12.99,19.61,1315,51,26,254,6.797,,,,,,,,,,,,,,,
E4,2,114,2026-08-29T16:46:46,10,13.03,19.72,1314,51,26,254,6.794,,,,,,,,,,,,,,,
E4,2,115,2026-08-29T16:47:16,10,12.78,19.78,1316,51,29,235,6.794,,,,,,,,,,,,,,,
E4,2,116,2026-08-29T16:47:46,10,12.71,19.79,1315,51,29,235,6.786,,,,,,,,,,,,,,,
E4,2,117,2026-08-29T16:48:16,10,12.48,19.78,1315,51,29,255,6.794,,,,,,,,,,,,,,,
E4,2,118,2026-08-29T16:48:46,10,12.46,19.95,1316,51,29,255,6.793,,,,,,,,,,,,,,,
E4,2,119,2026-08-29T16:49:16,10,12.41,19.93,1315,51,28,233,6.786,,,,,,,,,,,,,,,
E4,2,120,2026-08-29T16:49:47,10,12.57,19.96,1315,51,28,233,6.79,1100,92,0,,, 2026-08-29T15:06:42.348Z,P1,E4,N=10,2,92,0,4598.7,0,waiting
E4,3,1,2026-08-30T20:41:18,10,11.76,14.53,1312,51,25,228,6.747,,,,,,,,,,,,,,,
E4,3,2,2026-08-30T20:41:48,12,11.58,14.71,1311,51,24,253,6.725,,,,,,,,,,,,,,,
E4,3,3,2026-08-30T20:42:18,10,11.54,14.55,1311,51,24,253,6.824,,,,,,,,,,,,,,,
E4,3,4,2026-08-30T20:42:49,10,11.57,14.58,1311,51,26,231,6.716,,,,,,,,,,,,,,,
E4,3,5,2026-08-30T20:43:19,10,11.61,14.53,1312,51,26,231,6.73,,,,,,,,,,,,,,,
E4,3,6,2026-08-30T20:43:49,10,11.94,14.61,1312,51,24,252,6.777,,,,,,,,,,,,,,,
E4,3,7,2026-08-30T20:44:19,10,12.05,14.57,1310,51,24,252,6.777,,,,,,,,,,,,,,,
E4,3,8,2026-08-30T20:44:49,10,12.14,14.68,1311,51,24,230,6.758,,,,,,,,,,,,,,,
E4,3,9,2026-08-30T20:45:19,10,12.06,14.94,1310,51,24,230,6.784,,,,,,,,,,,,,,,
E4,3,10,2026-08-30T20:45:49,10,11.92,14.95,1309,51,24,253,6.778,,,,,,,,,,,,,,,
E4,3,11,2026-08-30T20:46:20,10,11.81,14.71,1310,51,24,253,6.808,,,,,,,,,,,,,,,
E4,3,12,2026-08-30T20:46:50,10,11.72,14.7,1310,51,25,229,6.801,,,,,,,,,,,,,,,
E4,3,13,2026-08-30T20:47:20,10,11.66,14.83,1313,54,25,229,6.77,,,,,,,,,,,,,,,
E4,3,14,2026-08-30T20:47:50,10,11.69,14.79,1311,51,25,254,6.802,,,,,,,,,,,,,,,
E4,3,15,2026-08-30T20:48:20,10,11.72,14.78,1310,51,25,254,6.767,,,,,,,,,,,,,,,
E4,3,16,2026-08-30T20:48:50,10,11.79,14.88,1311,51,26,227,6.811,,,,,,,,,,,,,,,
E4,3,17,2026-08-30T20:49:20,10,11.84,14.86,1310,51,26,227,6.754,,,,,,,,,,,,,,,
E4,3,18,2026-08-30T20:49:51,10,11.89,14.87,1311,51,27,253,6.818,,,,,,,,,,,,,,,
E4,3,19,2026-08-30T20:50:21,10,11.81,14.96,1311,51,27,253,6.851,,,,,,,,,,,,,,,
E4,3,20,2026-08-30T20:50:51,10,11.89,14.89,1311,51,27,227,6.758,,,,,,,,,,,,,,,
E4,3,21,2026-08-30T20:51:21,10,11.84,15.09,1311,52,27,227,6.814,,,,,,,,,,,,,,,
E4,3,22,2026-08-30T20:51:51,10,11.67,14.93,1311,52,27,254,6.752,,,,,,,,,,,,,,,
E4,3,23,2026-08-30T20:52:21,10,11.57,15.08,1312,51,27,254,6.82,,,,,,,,,,,,,,,
E4,3,24,2026-08-30T20:52:51,10,11.53,14.95,1312,51,25,230,6.815,,,,,,,,,,,,,,,
E4,3,25,2026-08-30T20:53:22,10,11.53,15.07,1311,51,25,230,6.797,,,,,,,,,,,,,,,
E4,3,26,2026-08-30T20:53:52,10,11.61,15.08,1311,51,23,254,6.758,,,,,,,,,,,,,,,
E4,3,27,2026-08-30T20:54:22,10,11.63,15.1,1311,51,23,254,6.791,,,,,,,,,,,,,,,
E4,3,28,2026-08-30T20:54:52,10,11.68,15.22,1310,51,25,230,6.75,,,,,,,,,,,,,,,
E4,3,29,2026-08-30T20:55:22,10,11.78,15.26,1311,51,25,230,6.786,,,,,,,,,,,,,,,
E4,3,30,2026-08-30T20:55:52,10,11.83,15.25,1311,51,26,251,6.795,,,,,,,,,,,,,,,
E4,3,31,2026-08-30T20:56:22,10,11.93,15.28,1312,51,26,251,6.738,,,,,,,,,,,,,,,
E4,3,32,2026-08-30T20:56:53,10,11.85,15.31,1313,51,26,224,6.782,,,,,,,,,,,,,,,
E4,3,33,2026-08-30T20:57:23,10,11.85,15.31,1313,51,26,224,6.767,,,,,,,,,,,,,,,
E4,3,34,2026-08-30T20:57:53,10,11.73,15.43,1312,51,25,250,6.785,,,,,,,,,,,,,,,
E4,3,35,2026-08-30T20:58:23,10,11.65,15.31,1312,51,25,250,6.742,,,,,,,,,,,,,,,
E4,3,36,2026-08-30T20:58:53,10,11.73,15.47,1313,51,25,229,6.877,,,,,,,,,,,,,,,
E4,3,37,2026-08-30T20:59:23,10,11.56,15.41,1311,51,25,229,6.724,,,,,,,,,,,,,,,
E4,3,38,2026-08-30T20:59:54,10,11.55,15.44,1312,51,24,253,6.77,,,,,,,,,,,,,,,
E4,3,39,2026-08-30T21:00:24,10,11.45,15.46,1313,54,24,253,6.785,,,,,,,,,,,,,,,
E4,3,40,2026-08-30T21:00:54,10,11.53,15.5,1312,51,27,224,6.833,,,,,,,,,,,,,,,
E4,3,41,2026-08-30T21:01:24,10,11.54,15.53,1312,51,27,224,6.745,,,,,,,,,,,,,,,
E4,3,42,2026-08-30T21:01:54,10,11.67,15.57,1312,51,27,253,6.838,,,,,,,,,,,,,,,
E4,3,43,2026-08-30T21:02:24,10,11.68,15.63,1312,51,27,253,6.775,,,,,,,,,,,,,,,
E4,3,44,2026-08-30T21:02:54,10,11.73,15.66,1312,51,28,224,6.842,,,,,,,,,,,,,,,
E4,3,45,2026-08-30T21:03:25,10,11.7,15.67,1311,51,28,224,6.785,,,,,,,,,,,,,,,
E4,3,46,2026-08-30T21:03:55,10,11.73,15.65,1313,51,26,253,6.799,,,,,,,,,,,,,,,
E4,3,47,2026-08-30T21:04:25,10,11.53,15.74,1313,51,26,253,6.81,,,,,,,,,,,,,,,
E4,3,48,2026-08-30T21:04:55,10,11.4,15.7,1313,51,29,224,6.762,,,,,,,,,,,,,,,
E4,3,49,2026-08-30T21:05:25,10,11.22,15.85,1313,51,29,224,6.815,,,,,,,,,,,,,,,
E4,3,50,2026-08-30T21:05:55,10,11.14,15.74,1312,51,29,251,6.789,,,,,,,,,,,,,,,
E4,3,51,2026-08-30T21:06:25,10,11.16,15.88,1312,51,29,251,6.759,,,,,,,,,,,,,,,
E4,3,52,2026-08-30T21:06:56,10,11.2,15.8,1312,51,29,224,6.739,,,,,,,,,,,,,,,
E4,3,53,2026-08-30T21:07:26,10,11.34,15.88,1313,51,29,224,6.786,,,,,,,,,,,,,,,
E4,3,54,2026-08-30T21:07:56,10,11.42,15.97,1313,51,29,251,6.828,,,,,,,,,,,,,,,
E4,3,55,2026-08-30T21:08:26,10,11.48,15.87,1314,51,29,251,6.851,,,,,,,,,,,,,,,
E4,3,56,2026-08-30T21:08:56,10,11.47,16,1314,52,30,226,6.828,,,,,,,,,,,,,,,
E4,3,57,2026-08-30T21:09:26,10,11.47,15.96,1312,52,30,226,6.747,,,,,,,,,,,,,,,
E4,3,58,2026-08-30T21:09:56,10,11.45,15.99,1312,51,26,253,6.79,,,,,,,,,,,,,,,
E4,3,59,2026-08-30T21:10:27,10,11.41,16.06,1313,51,26,253,6.739,,,,,,,,,,,,,,,
E4,3,60,2026-08-30T21:10:57,10,11.39,16.11,1313,51,25,225,6.752,,,,,,,,,,,,,,,
E4,3,61,2026-08-30T21:11:27,10,11.37,16.16,1314,51,25,225,6.813,,,,,,,,,,,,,,,
E4,3,62,2026-08-30T21:11:57,10,11.42,16.11,1313,51,23,253,6.775,,,,,,,,,,,,,,,
E4,3,63,2026-08-30T21:12:27,10,11.47,16.18,1312,51,23,253,6.792,,,,,,,,,,,,,,,
E4,3,64,2026-08-30T21:12:57,10,11.56,16.2,1313,51,25,221,6.848,,,,,,,,,,,,,,,
E4,3,65,2026-08-30T21:13:27,10,11.64,16.22,1313,54,25,221,6.801,,,,,,,,,,,,,,,
E4,3,66,2026-08-30T21:13:58,10,11.66,16.28,1314,54,24,249,6.795,,,,,,,,,,,,,,,
E4,3,67,2026-08-30T21:14:28,10,11.77,16.22,1313,51,24,249,6.829,,,,,,,,,,,,,,,
E4,3,68,2026-08-30T21:14:58,10,11.87,16.27,1314,51,26,221,6.737,,,,,,,,,,,,,,,
E4,3,69,2026-08-30T21:15:28,10,11.66,16.31,1314,51,26,221,6.831,,,,,,,,,,,,,,,
E4,3,70,2026-08-30T21:15:58,10,11.45,16.36,1315,51,29,254,6.795,,,,,,,,,,,,,,,
E4,3,71,2026-08-30T21:16:28,10,11.25,16.43,1313,51,29,254,6.844,,,,,,,,,,,,,,,
E4,3,72,2026-08-30T21:16:58,10,11.17,16.45,1313,51,29,222,6.849,,,,,,,,,,,,,,,
E4,3,73,2026-08-30T21:17:29,10,11.21,16.52,1315,51,29,222,6.708,,,,,,,,,,,,,,,
E4,3,74,2026-08-30T21:17:59,10,11.21,16.45,1313,51,26,249,6.781,,,,,,,,,,,,,,,
E4,3,75,2026-08-30T21:18:29,10,11.32,16.48,1312,51,26,249,6.758,,,,,,,,,,,,,,,
E4,3,76,2026-08-30T21:18:59,10,11.41,16.51,1313,51,24,222,6.712,,,,,,,,,,,,,,,
E4,3,77,2026-08-30T21:19:29,10,11.5,16.58,1313,51,24,222,6.819,,,,,,,,,,,,,,,
E4,3,78,2026-08-30T21:19:59,10,11.56,16.57,1312,51,25,247,6.81,,,,,,,,,,,,,,,
E4,3,79,2026-08-30T21:20:30,10,11.6,16.62,1311,51,25,247,6.764,,,,,,,,,,,,,,,
E4,3,80,2026-08-30T21:21:00,10,11.7,16.59,1312,51,27,226,6.872,,,,,,,,,,,,,,,
E4,3,81,2026-08-30T21:21:30,10,11.67,16.71,1312,51,27,226,6.783,,,,,,,,,,,,,,,
E4,3,82,2026-08-30T21:22:00,10,11.55,16.68,1314,51,27,253,6.774,,,,,,,,,,,,,,,
E4,3,83,2026-08-30T21:22:30,10,11.58,16.73,1313,51,27,253,6.793,,,,,,,,,,,,,,,
E4,3,84,2026-08-30T21:23:00,10,11.41,16.72,1313,51,25,224,6.774,,,,,,,,,,,,,,,
E4,3,85,2026-08-30T21:23:31,10,11.34,16.76,1313,51,25,224,6.757,,,,,,,,,,,,,,,
E4,3,86,2026-08-30T21:24:01,10,11.23,16.84,1312,51,28,250,6.746,,,,,,,,,,,,,,,
E4,3,87,2026-08-30T21:24:31,10,11.24,16.85,1313,51,28,250,6.705,,,,,,,,,,,,,,,
E4,3,88,2026-08-30T21:25:01,10,11.32,16.9,1314,51,26,218,6.71,,,,,,,,,,,,,,,
E4,3,89,2026-08-30T21:25:31,10,11.42,16.91,1313,51,26,218,6.828,,,,,,,,,,,,,,,
E4,3,90,2026-08-30T21:26:01,10,11.43,16.99,1314,51,26,251,6.8,,,,,,,,,,,,,,,
E4,3,91,2026-08-30T21:26:32,10,11.48,16.98,1313,51,26,251,6.823,,,,,,,,,,,,,,,
E4,3,92,2026-08-30T21:27:02,10,11.81,17.12,1312,51,25,223,6.826,,,,,,,,,,,,,,,
E4,3,93,2026-08-30T21:27:32,10,11.91,17,1313,51,25,223,6.778,,,,,,,,,,,,,,,
E4,3,94,2026-08-30T21:28:02,10,11.89,17.09,1313,51,26,252,6.839,,,,,,,,,,,,,,,
E4,3,95,2026-08-30T21:28:32,10,11.53,16.99,1314,51,26,252,6.82,,,,,,,,,,,,,,,
E4,3,96,2026-08-30T21:29:02,10,11.33,17.08,1316,51,29,224,6.792,,,,,,,,,,,,,,,
E4,3,97,2026-08-30T21:29:33,10,11.46,17.14,1315,51,29,224,6.783,,,,,,,,,,,,,,,
E4,3,98,2026-08-30T21:30:03,10,11.29,17.17,1314,51,27,247,6.738,,,,,,,,,,,,,,,
E4,3,99,2026-08-30T21:30:33,10,11.25,17.13,1315,51,27,247,6.785,,,,,,,,,,,,,,,
E4,3,100,2026-08-30T21:31:03,10,10.93,17.25,1314,51,29,224,6.783,,,,,,,,,,,,,,,
E4,3,101,2026-08-30T21:31:33,10,11.16,17.22,1313,51,29,224,6.722,,,,,,,,,,,,,,,
E4,3,102,2026-08-30T21:32:03,10,11.25,17.38,1313,51,28,250,6.826,,,,,,,,,,,,,,,
E4,3,103,2026-08-30T21:32:34,10,11.36,17.28,1313,51,28,250,6.792,,,,,,,,,,,,,,,
E4,3,104,2026-08-30T21:33:04,10,11.44,17.39,1313,51,29,218,6.809,,,,,,,,,,,,,,,
E4,3,105,2026-08-30T21:33:34,10,11.45,17.42,1313,51,29,218,6.836,,,,,,,,,,,,,,,
E4,3,106,2026-08-30T21:34:04,10,11.44,17.4,1314,51,29,244,6.714,,,,,,,,,,,,,,,
E4,3,107,2026-08-30T21:34:34,10,11.26,17.57,1312,51,29,244,6.859,,,,,,,,,,,,,,,
E4,3,108,2026-08-30T21:35:04,10,11.19,17.47,1313,51,29,217,6.807,,,,,,,,,,,,,,,
E4,3,109,2026-08-30T21:35:34,10,11.02,17.6,1314,51,29,217,6.734,,,,,,,,,,,,,,,
E4,3,110,2026-08-30T21:36:05,10,11.06,17.53,1313,51,28,245,6.798,,,,,,,,,,,,,,,
E4,3,111,2026-08-30T21:36:35,10,11.15,17.6,1312,51,28,245,6.768,,,,,,,,,,,,,,,
E4,3,112,2026-08-30T21:37:05,10,11.23,17.57,1312,51,26,216,6.74,,,,,,,,,,,,,,,
E4,3,113,2026-08-30T21:37:35,10,11.34,17.63,1312,51,26,216,6.796,,,,,,,,,,,,,,,
E4,3,114,2026-08-30T21:38:05,10,11.43,17.66,1312,51,25,247,6.783,,,,,,,,,,,,,,,
E4,3,115,2026-08-30T21:38:35,10,11.46,17.65,1312,51,25,247,6.805,,,,,,,,,,,,,,,
E4,3,116,2026-08-30T21:39:05,10,11.62,17.67,1313,51,26,218,6.809,,,,,,,,,,,,,,,
E4,3,117,2026-08-30T21:39:36,10,11.7,17.72,1313,51,26,218,6.789,,,,,,,,,,,,,,,
E4,3,118,2026-08-30T21:40:06,10,11.6,17.69,1313,51,26,246,6.838,,,,,,,,,,,,,,,
E4,3,119,2026-08-30T21:40:36,10,11.55,17.73,1315,51,26,246,6.836,,,,,,,,,,,,,,,
E4,3,120,2026-08-30T21:41:06,10,11.5,17.77,1315,51,25,221,6.762,1100,936.8,0,,,2026-08-30T21:22:35.849Z,P1,E4,N=10,3,104,0,9669.7,0,waiting
